Juan,Martínez,12345678A,611223344,juan.martinez@academia-sn.com,jmartinez78_sn
María,García,87654321B,622334455,maria.garcia@academia-sn.com,mgarcia21_sn
Carlos,López,23456789C,633445566,carlos.lopez@academia-sn.com,clopez89_sn
Ana,Rodríguez,34567890D,644556677,ana.rodriguez@academia-sn.com,arodriguez90_sn
David,Sánchez,45678901E,655667788,david.sanchez@academia-sn.com,dsanchez01_sn
Laura,Fernández,56789012F,666778899,laura.fernandez@academia-sn.com,lfernandez12_sn
Javier,González,67890123G,677889900,javier.gonzalez@academia-sn.com,jgonzalez23_sn
Elena,Pérez,78901234H,688990011,elena.perez@academia-sn.com,eperez34_sn
Miguel,Gómez,89012345I,699001122,miguel.gomez@academia-sn.com,mgomez45_sn
Sofía,Ruiz,90123456J,700112233,sofia.ruiz@academia-sn.com,sruiz56_sn
Daniel,Hernández,11223344K,711223344,daniel.hernandez@academia-sn.com,dhernandez44_sn
Paula,Díaz,22334455L,722334455,paula.diaz@academia-sn.com,pdiaz55_sn
Sergio,Moreno,33445566M,733445566,sergio.moreno@academia-sn.com,smoreno66_sn
Cristina,Álvarez,44556677N,744556677,cristina.alvarez@academia-sn.com,calvarez77_sn
Alejandro,Romero,55667788O,755667788,alejandro.romero@academia-sn.com,aromero88_sn
Beatriz,Suárez,66778899P,766778899,beatriz.suarez@academia-sn.com,bsuarez99_sn
Francisco,Torres,77889900Q,777889900,francisco.torres@academia-sn.com,ftorres00_sn
Isabel,Ortega,88990011R,788990011,isabel.ortega@academia-sn.com,iortega11_sn
Adrián,Castro,99001122S,799001122,adrian.castro@academia-sn.com,acastro22_sn
Natalia,Vega,10111213T,800112233,natalia.vega@academia-sn.com,nvega13_sn
Roberto,Molina,12131415U,811223344,roberto.molina@academia-sn.com,rmolina15_sn
Carmen,Serrano,13141516V,822334455,carmen.serrano@academia-sn.com,cserrano16_sn
Marcos,Reyes,14151617W,833445566,marcos.reyes@academia-sn.com,mreyes17_sn
Eva,Navarro,15161718X,844556677,eva.navarro@academia-sn.com,enavarro18_sn
Rubén,Jiménez,16171819Y,855667788,ruben.jimenez@academia-sn.com,rjimenez19_sn
Patricia,Morales,17181920Z,866778899,patricia.morales@academia-sn.com,pmorales20_sn
Álvaro,Guerrero,18192021AA,877889900,alvaro.guerrero@academia-sn.com,aguerrero21_sn
Silvia,Ibáñez,19202122AB,888990011,silvia.ibanez@academia-sn.com,sibanez22_sn
Luis,Santos,20212223AC,899001122,luis.santos@academia-sn.com,lsantos23_sn
Marta,Cortés,21222324AD,900112233,marta.cortes@academia-sn.com,mcortes24_sn
